{
  "$schema": "https://developer.microsoft.com/en-us/json-schemas/teams/v1.5/MicrosoftTeams.Localization.schema.json",
  "name.short": "SalesTim (Dev)",
  "name.full": "SalesTim Gobierno automatizado (Dev)",
  "description.short": "Automatización de gobierno Microsoft Teams (DEV)",
  "description.full": "Soluciones empresariales para Microsoft Teams, automatización de gobierno y adopción. (DEV)",
  "staticTabs[0].name": "Bienvenida",
  "staticTabs[1].name": "Catálogo",
  "staticTabs[2].name": "Configuración"
}
