{
  "$schema": "https://developer.microsoft.com/en-us/json-schemas/teams/v1.5/MicrosoftTeams.Localization.schema.json",
  "name.short": "SalesTim (PPR)",
  "name.full": "SalesTim Gouvernance Automatisée (PPR)",
  "description.short": "Automatisation de la Gouvernance Microsoft Teams (PPR)",
  "description.full": "Solutions métiers pour Microsoft Teams, automatisation de la gouvernance et de l'adoption. (PPR)",
  "staticTabs[0].name": "Accueil",
  "staticTabs[1].name": "Catalogue",
  "staticTabs[2].name": "Configuration"
}
